{"cameraMode":{"drawMode":0,"name":"Shaded","section":"Shading Mode"},"sceneLighting":true,"audioPlay":false,"sceneViewState":{"m_AlwaysRefresh":false,"showFog":true,"showSkybox":true,"showFlares":true,"showImageEffects":true,"showParticleSystems":true,"showVisualEffectGraphs":true,"m_FxEnabled":true},"in2DMode":false,"pivot":{"x":4.71999979019165,"y":1.5700000524520875,"z":5.576000213623047},"rotation":{"x":0.14824889600276948,"y":-0.29560893774032595,"z":0.046492885798215869,"w":0.9425922632217407},"size":0.1812952160835266,"orthographic":false}