{"cameraMode":{"drawMode":0,"name":"Shaded","section":"Shading Mode"},"sceneLighting":false,"audioPlay":false,"sceneViewState":{"m_AlwaysRefresh":false,"showFog":true,"showSkybox":false,"showFlares":true,"showImageEffects":true,"showParticleSystems":true,"showVisualEffectGraphs":true,"m_FxEnabled":true},"in2DMode":false,"pivot":{"x":13.173999786376954,"y":0.8889999985694885,"z":7.474475860595703},"rotation":{"x":0.14824889600276948,"y":-0.29560893774032595,"z":0.046492885798215869,"w":0.9425922632217407},"size":0.08660276979207993,"orthographic":false}